{"('product', 'self_confidence', 0.1)": {"lift": 7.040394456902996, "auroc": 0.7791003067959757, "auprc": 0.2829456041401815}, "('product', 'normalized_margin', 0.1)": {"lift": 6.643752515669024, "auroc": 0.7537196128636818, "auprc": 0.28772876666807073}, "('product', 'confidence_weighted_entropy', 0.1)": {"lift": 6.5445920303605325, "auroc": 0.700765177503386, "auprc": 0.24739494805653664}, "('product', 'self_confidence', 0.03162277660168379)": {"lift": 6.941233971594503, "auroc": 0.8524924289607492, "auprc": 0.3374540668897643}, "('product', 'normalized_margin', 0.03162277660168379)": {"lift": 6.941233971594503, "auroc": 0.8467931417423771, "auprc": 0.3465798409828923}, "('product', 'confidence_weighted_entropy', 0.03162277660168379)": {"lift": 7.337875912828475, "auroc": 0.8253421384766969, "auprc": 0.32166360331827215}, "('product', 'self_confidence', 0.01)": {"lift": 7.238715427519982, "auroc": 0.869797896915234, "auprc": 0.34709780161236037}, "('product', 'normalized_margin', 0.01)": {"lift": 7.337875912828475, "auroc": 0.8678173987260224, "auprc": 0.35934027247108097}, "('product', 'confidence_weighted_entropy', 0.01)": {"lift": 7.139554942211489, "auroc": 0.8650773251081695, "auprc": 0.3340993897766277}, "('product', 'self_confidence', 0.0031622776601683794)": {"lift": 7.238715427519982, "auroc": 0.8799689579152372, "auprc": 0.3603159447183037}, "('product', 'normalized_margin', 0.0031622776601683794)": {"lift": 7.536196883445461, "auroc": 0.8773228014328129, "auprc": 0.3729881683446313}, "('product', 'confidence_weighted_entropy', 0.0031622776601683794)": {"lift": 7.139554942211489, "auroc": 0.8766868011823673, "auprc": 0.33557970208764687}, "('product', 'self_confidence', 0.001)": {"lift": 7.238715427519982, "auroc": 0.8810959635403794, "auprc": 0.3725742686038636}, "('product', 'normalized_margin', 0.001)": {"lift": 7.6353573687539535, "auroc": 0.878383900296251, "auprc": 0.38228689804284677}, "('product', 'confidence_weighted_entropy', 0.001)": {"lift": 7.238715427519982, "auroc": 0.8783295272178449, "auprc": 0.33587310129130205}, "('worst_token_min_alt', 'self_confidence', 0.01)": {"lift": 8.626962221838884, "auroc": 0.889841790818529, "auprc": 0.41925499141538464}, "('worst_token_min_alt', 'normalized_margin', 0.01)": {"lift": 8.726122707147375, "auroc": 0.8854556958271134, "auprc": 0.39377986361436845}, "('worst_token_min_alt', 'confidence_weighted_entropy', 0.01)": {"lift": 6.643752515669024, "auroc": 0.8839843273720669, "auprc": 0.29788896383311614}, "('worst_token_min_alt', 'self_confidence', 0.020000000000000004)": {"lift": 8.626962221838884, "auroc": 0.8896902052666095, "auprc": 0.4186408420427187}, "('worst_token_min_alt', 'normalized_margin', 0.020000000000000004)": {"lift": 8.726122707147375, "auroc": 0.8855380792792436, "auprc": 0.393850966704962}, "('worst_token_min_alt', 'confidence_weighted_entropy', 0.020000000000000004)": {"lift": 6.643752515669024, "auroc": 0.8844984001133596, "auprc": 0.2977451347141069}, "('worst_token_min_alt', 'self_confidence', 0.030000000000000006)": {"lift": 8.626962221838884, "auroc": 0.8897050342879929, "auprc": 0.4185349063230503}, "('worst_token_min_alt', 'normalized_margin', 0.030000000000000006)": {"lift": 8.726122707147375, "auroc": 0.8856056337099905, "auprc": 0.3939027431758609}, "('worst_token_min_alt', 'confidence_weighted_entropy', 0.030000000000000006)": {"lift": 7.040394456902996, "auroc": 0.8849218510573091, "auprc": 0.2983899746543139}, "('worst_token_min_alt', 'self_confidence', 0.04000000000000001)": {"lift": 8.626962221838884, "auroc": 0.8898994592350202, "auprc": 0.41899645239838046}, "('worst_token_min_alt', 'normalized_margin', 0.04000000000000001)": {"lift": 8.726122707147375, "auroc": 0.8856797788169076, "auprc": 0.3939619058938042}, "('worst_token_min_alt', 'confidence_weighted_entropy', 0.04000000000000001)": {"lift": 7.238715427519982, "auroc": 0.8853551880155145, "auprc": 0.2993046948729976}, "('worst_token_min_alt', 'self_confidence', 0.05000000000000001)": {"lift": 8.626962221838884, "auroc": 0.8899044022421481, "auprc": 0.41887332113691683}, "('worst_token_min_alt', 'normalized_margin', 0.05000000000000001)": {"lift": 8.726122707147375, "auroc": 0.8858923281234039, "auprc": 0.39427162097467117}, "('worst_token_min_alt', 'confidence_weighted_entropy', 0.05000000000000001)": {"lift": 7.238715427519982, "auroc": 0.8858297166997848, "auprc": 0.3008459109046811}, "('worst_token_min_alt', 'self_confidence', 0.06000000000000001)": {"lift": 8.626962221838884, "auroc": 0.8899768996800228, "auprc": 0.4187684601994176}, "('worst_token_min_alt', 'normalized_margin', 0.06000000000000001)": {"lift": 8.726122707147375, "auroc": 0.886083457732346, "auprc": 0.3944682881932294}, "('worst_token_min_alt', 'confidence_weighted_entropy', 0.06000000000000001)": {"lift": 7.337875912828475, "auroc": 0.8861773748677746, "auprc": 0.30296182601999927}, "('worst_token_min_alt', 'self_confidence', 0.07)": {"lift": 8.626962221838884, "auroc": 0.8899109929183184, "auprc": 0.4185704836820722}, "('worst_token_min_alt', 'normalized_margin', 0.07)": {"lift": 8.726122707147375, "auroc": 0.8861608981773484, "auprc": 0.3945840751610615}, "('worst_token_min_alt', 'confidence_weighted_entropy', 0.07)": {"lift": 7.83367833937094, "auroc": 0.8865217376976791, "auprc": 0.30452869423004475}, "('worst_token_min_alt', 'self_confidence', 0.08)": {"lift": 8.626962221838884, "auroc": 0.8898335524733161, "auprc": 0.41834102219610425}, "('worst_token_min_alt', 'normalized_margin', 0.08)": {"lift": 8.726122707147375, "auroc": 0.8861378308107519, "auprc": 0.3945189705946829}, "('worst_token_min_alt', 'confidence_weighted_entropy', 0.08)": {"lift": 7.734517854062447, "auroc": 0.8868117274491777, "auprc": 0.30606653216839796}, "('worst_token_min_alt', 'self_confidence', 0.09000000000000001)": {"lift": 8.626962221838884, "auroc": 0.8897808270639527, "auprc": 0.4181986123277999}, "('worst_token_min_alt', 'normalized_margin', 0.09000000000000001)": {"lift": 8.726122707147375, "auroc": 0.8861510121630928, "auprc": 0.3945281033661638}, "('worst_token_min_alt', 'confidence_weighted_entropy', 0.09000000000000001)": {"lift": 7.734517854062447, "auroc": 0.8870753544959945, "auprc": 0.3073411317975738}, "('worst_token_min_alt', 'self_confidence', 0.1)": {"lift": 8.626962221838884, "auroc": 0.8897478736831005, "auprc": 0.41811406491640124}, "('worst_token_min_alt', 'normalized_margin', 0.1)": {"lift": 8.726122707147375, "auroc": 0.8861477168250076, "auprc": 0.39450598008077015}, "('worst_token_min_alt', 'confidence_weighted_entropy', 0.1)": {"lift": 7.83367833937094, "auroc": 0.8872549504216385, "auprc": 0.30811522276753484}, "('worst_token_softmin', 'self_confidence', 0.1)": {"lift": 7.139554942211489, "auroc": 0.8792151493282453, "auprc": 0.3520120661906726}, "('worst_token_softmin', 'normalized_margin', 0.1)": {"lift": 8.131159795296417, "auroc": 0.8777207135066023, "auprc": 0.3601606350369005}, "('worst_token_softmin', 'confidence_weighted_entropy', 0.1)": {"lift": 6.346271059743546, "auroc": 0.8753324172293457, "auprc": 0.2830035323982545}, "('worst_token_softmin', 'self_confidence', 0.07943282347242814)": {"lift": 7.932838824679432, "auroc": 0.8812739117969808, "auprc": 0.359495798101567}, "('worst_token_softmin', 'normalized_margin', 0.07943282347242814)": {"lift": 8.23032028060491, "auroc": 0.879454061339423, "auprc": 0.3783869668508569}, "('worst_token_softmin', 'confidence_weighted_entropy', 0.07943282347242814)": {"lift": 6.346271059743546, "auroc": 0.8766522001324726, "auprc": 0.28568448981300276}, "('worst_token_softmin', 'self_confidence', 0.06309573444801933)": {"lift": 7.83367833937094, "auroc": 0.8833722183227388, "auprc": 0.3835018362187405}, "('worst_token_softmin', 'normalized_margin', 0.06309573444801933)": {"lift": 8.726122707147375, "auroc": 0.8807318286819636, "auprc": 0.3956292851805602}, "('worst_token_softmin', 'confidence_weighted_entropy', 0.06309573444801933)": {"lift": 6.346271059743546,