{"('product', 'self_confidence', 0.1)": {"lift": 6.788572267920094, "auroc": 0.7592682602037419, "auprc": 0.27609297122281673}, "('product', 'normalized_margin', 0.1)": {"lift": 6.687250293772034, "auroc": 0.7511635262001466, "auprc": 0.28297671077228387}, "('product', 'confidence_weighted_entropy', 0.1)": {"lift": 6.687250293772034, "auroc": 0.6726013715959784, "auprc": 0.2444244068949557}, "('product', 'self_confidence', 0.03162277660168379)": {"lift": 6.991216216216217, "auroc": 0.8462614022238497, "auprc": 0.33263893201734857}, "('product', 'normalized_margin', 0.03162277660168379)": {"lift": 6.889894242068156, "auroc": 0.8418536520407482, "auprc": 0.3449417881624961}, "('product', 'confidence_weighted_entropy', 0.03162277660168379)": {"lift": 6.991216216216217, "auroc": 0.829998668353419, "auprc": 0.3289847819329742}, "('product', 'self_confidence', 0.01)": {"lift": 6.788572267920094, "auroc": 0.8738131699846862, "auprc": 0.3574972804511996}, "('product', 'normalized_margin', 0.01)": {"lift": 7.193860164512339, "auroc": 0.8732122644650109, "auprc": 0.3647838034695069}, "('product', 'confidence_weighted_entropy', 0.01)": {"lift": 6.788572267920094, "auroc": 0.8715943138690991, "auprc": 0.3508029352410077}, "('product', 'self_confidence', 0.0031622776601683794)": {"lift": 6.991216216216217, "auroc": 0.8873859777615021, "auprc": 0.3710044052589729}, "('product', 'normalized_margin', 0.0031622776601683794)": {"lift": 7.193860164512339, "auroc": 0.8882232505493043, "auprc": 0.3759108222728684}, "('product', 'confidence_weighted_entropy', 0.0031622776601683794)": {"lift": 6.788572267920094, "auroc": 0.8838138358079766, "auprc": 0.3528094771026918}, "('product', 'self_confidence', 0.001)": {"lift": 7.2951821386604, "auroc": 0.8899577202210533, "auprc": 0.3793972226859806}, "('product', 'normalized_margin', 0.001)": {"lift": 7.599148061104583, "auroc": 0.8904987016445836, "auprc": 0.38070214707931305}, "('product', 'confidence_weighted_entropy', 0.001)": {"lift": 6.788572267920094, "auroc": 0.8869831546707503, "auprc": 0.3519186022125127}, "('worst_token_min_alt', 'self_confidence', 0.01)": {"lift": 9.017655699177439, "auroc": 0.9062196218123709, "auprc": 0.43979015628553403}, "('worst_token_min_alt', 'normalized_margin', 0.01)": {"lift": 9.017655699177439, "auroc": 0.905848425327918, "auprc": 0.42423605862805464}, "('worst_token_min_alt', 'confidence_weighted_entropy', 0.01)": {"lift": 7.396504112808461, "auroc": 0.9001814368466607, "auprc": 0.3281337278060665}, "('worst_token_min_alt', 'self_confidence', 0.020000000000000004)": {"lift": 9.017655699177439, "auroc": 0.9063294826553032, "auprc": 0.4401541513143432}, "('worst_token_min_alt', 'normalized_margin', 0.020000000000000004)": {"lift": 9.017655699177439, "auroc": 0.9058517544443704, "auprc": 0.42422854815211947}, "('worst_token_min_alt', 'confidence_weighted_entropy', 0.020000000000000004)": {"lift": 7.599148061104583, "auroc": 0.9005376523070777, "auprc": 0.33392347944700845}, "('worst_token_min_alt', 'self_confidence', 0.030000000000000006)": {"lift": 9.017655699177439, "auroc": 0.9063910713096744, "auprc": 0.44033557779420723}, "('worst_token_min_alt', 'normalized_margin', 0.030000000000000006)": {"lift": 9.017655699177439, "auroc": 0.9058351088621079, "auprc": 0.4241571868976638}, "('worst_token_min_alt', 'confidence_weighted_entropy', 0.030000000000000006)": {"lift": 7.7004700352526445, "auroc": 0.9008073107397296, "auprc": 0.3394267360675927}, "('worst_token_min_alt', 'self_confidence', 0.04000000000000001)": {"lift": 9.017655699177439, "auroc": 0.9064992675943804, "auprc": 0.4406607769093173}, "('worst_token_min_alt', 'normalized_margin', 0.04000000000000001)": {"lift": 9.017655699177439, "auroc": 0.9058217923962981, "auprc": 0.4241094387376278}, "('worst_token_min_alt', 'confidence_weighted_entropy', 0.04000000000000001)": {"lift": 7.7004700352526445, "auroc": 0.9011568679672415, "auprc": 0.3454509104843926}, "('worst_token_min_alt', 'self_confidence', 0.05000000000000001)": {"lift": 9.017655699177439, "auroc": 0.9064776283374392, "auprc": 0.4406004278105174}, "('worst_token_min_alt', 'normalized_margin', 0.05000000000000001)": {"lift": 9.017655699177439, "auroc": 0.9057968240229044, "auprc": 0.4240122536628018}, "('worst_token_min_alt', 'confidence_weighted_entropy', 0.05000000000000001)": {"lift": 7.7004700352526445, "auroc": 0.9014698049137759, "auprc": 0.3495653332332008}, "('worst_token_min_alt', 'self_confidence', 0.06000000000000001)": {"lift": 9.017655699177439, "auroc": 0.9065042612690593, "auprc": 0.44068581227885073}, "('worst_token_min_alt', 'normalized_margin', 0.06000000000000001)": {"lift": 9.017655699177439, "auroc": 0.9057818429988681, "auprc": 0.42394671851830007}, "('worst_token_min_alt', 'confidence_weighted_entropy', 0.06000000000000001)": {"lift": 7.7004700352526445, "auroc": 0.9018526533058127, "auprc": 0.3542328706054264}, "('worst_token_min_alt', 'self_confidence', 0.07)": {"lift": 9.017655699177439, "auroc": 0.906502596710833, "auprc": 0.4406721008299179}, "('worst_token_min_alt', 'normalized_margin', 0.07)": {"lift": 9.017655699177439, "auroc": 0.9057801784406418, "auprc": 0.42392802634687204}, "('worst_token_min_alt', 'confidence_weighted_entropy', 0.07)": {"lift": 7.7004700352526445, "auroc": 0.9021489446700847, "auprc": 0.3580210949035003}, "('worst_token_min_alt', 'self_confidence', 0.08)": {"lift": 9.017655699177439, "auroc": 0.9065009321526067, "auprc": 0.44066301720114753}, "('worst_token_min_alt', 'normalized_margin', 0.08)": {"lift": 9.017655699177439, "auroc": 0.9057718556495106, "auprc": 0.4238944368759495}, "('worst_token_min_alt', 'confidence_weighted_entropy', 0.08)": {"lift": 7.7004700352526445, "auroc": 0.9023769891470804, "auprc": 0.3604634763677116}, "('worst_token_min_alt', 'self_confidence', 0.09000000000000001)": {"lift": 9.017655699177439, "auroc": 0.9065142486184167, "auprc": 0.44069747497177475}, "('worst_token_min_alt', 'normalized_margin', 0.09000000000000001)": {"lift": 9.017655699177439, "auroc": 0.9057718556495107, "auprc": 0.4238890660323036}, "('worst_token_min_alt', 'confidence_weighted_entropy', 0.09000000000000001)": {"lift": 7.801792009400706, "auroc": 0.9026266728810174, "auprc": 0.36305212201459247}, "('worst_token_min_alt', 'self_confidence', 0.1)": {"lift": 9.017655699177439, "auroc": 0.9065575271322991, "auprc": 0.44081759859807845}, "('worst_token_min_alt', 'normalized_margin', 0.1)": {"lift": 9.017655699177439, "auroc": 0.9057602037419269, "auprc": 0.4238488326121472}, "('worst_token_min_alt', 'confidence_weighted_entropy', 0.1)": {"lift": 7.903113983548767, "auroc": 0.9028014514947733, "auprc": 0.3643218239178028}, "('worst_token_softmin', 'self_confidence', 0.1)": {"lift": 8.612367802585196, "auroc": 0.8976255076902591, "auprc": 0.40230955978055455}, "('worst_token_softmin', 'normalized_margin', 0.1)": {"lift": 8.916333725029379, "auroc": 0.9003920034622811, "auprc": 0.3940253514216635}, "('worst_token_softmin', 'confidence_weighted_entropy', 0.1)": {"lift": 7.599148061104583, "auroc": 0.8929947067048405, "auprc": 0.3110227237587242}, "('worst_token_softmin', 'self_confidence', 0.07943282347242814)": {"lift": 8.713689776733256, "auroc": 0.8995289300219721, "auprc": 0.41087777671146103}, "('worst_token_softmin', 'normalized_margin', 0.07943282347242814)": {"lift": 9.1189776733255, "auroc": 0.901687029762301, "auprc": 0.41091480784794276}, "('worst_token_softmin', 'confidence_weighted_entropy', 0.07943282347242814)": {"lift": 7.497826086956523, "auroc": 0.8937828750249683, "auprc": 0.3127683854425677}, "('worst_token_softmin', 'self_confidence', 0.06309573444801933)": {"lift": 8.713689776733256, "auroc": 0.9005959118449962, "auprc": 0.4237178771237999}, "('worst_token_softmin', 'normalized_margin', 0.06309573444801933)": {"lift": 9.220299647473562, "auroc": 0.9026341633930355, "auprc": 0.42690697189658716}, "('worst_token_softmin', 'confidence_weighted_entropy', 0.06309573444801933)": {"lift": 7.497826086956523,