{"('predicted_difference', 'self_confidence')": {"lift": 6.585928319623973, "auroc": 0.8632765164125441, "auprc": 0.3412267428651848}, "('predicted_difference', 'normalized_margin')": {"lift": 6.585928319623973, "auroc": 0.8632765164125441, "auprc": 0.3412267428651848}, "('predicted_difference', 'confidence_weighted_entropy')": {"lift": 6.585928319623973, "auroc": 0.8632765164125441, "auprc": 0.3412267428651848}, "('bad_token_counts', 'self_confidence')": {"lift": 6.889894242068156, "auroc": 0.8421308009854187, "auprc": 0.3185727480223048}, "('bad_token_counts', 'normalized_margin')": {"lift": 6.889894242068156, "auroc": 0.8421308009854187, "auprc": 0.3185727480223048}, "('bad_token_counts', 'confidence_weighted_entropy')": {"lift": 6.889894242068156, "auroc": 0.8421308009854187, "auprc": 0.3185727480223048}, "('bad_token_counts_avg', 'self_confidence')": {"lift": 7.092538190364278, "auroc": 0.903081929555896, "auprc": 0.3696814725406459}, "('bad_token_counts_avg', 'normalized_margin')": {"lift": 7.396504112808461, "auroc": 0.9028563819162394, "auprc": 0.36036303599977376}, "('bad_token_counts_avg', 'confidence_weighted_entropy')": {"lift": 6.889894242068156, "auroc": 0.8752022438244889, "auprc": 0.35308260399227975}, "('bad_token_counts_min', 'self_confidence')": {"lift": 7.092538190364278, "auroc": 0.9106215460416806, "auprc": 0.3758562877731882}, "('bad_token_counts_min', 'normalized_margin')": {"lift": 7.2951821386604, "auroc": 0.9101621279712364, "auprc": 0.3662060694382404}, "('bad_token_counts_min', 'confidence_weighted_entropy')": {"lift": 6.889894242068156, "auroc": 0.8942348025833944, "auprc": 0.3584770982858089}, "('good_fraction', 'self_confidence')": {"lift": 6.180640423031728, "auroc": 0.8393401691191159, "auprc": 0.31592332862029043}, "('good_fraction', 'normalized_margin')": {"lift": 6.180640423031728, "auroc": 0.8393401691191159, "auprc": 0.31592332862029043}, "('good_fraction', 'confidence_weighted_entropy')": {"lift": 6.180640423031728, "auroc": 0.8393401691191159, "auprc": 0.31592332862029043}, "('penality_bad_tokens', 'self_confidence')": {"lift": 6.180640423031728, "auroc": 0.8396464478327453, "auprc": 0.3321418626187814}, "('penality_bad_tokens', 'normalized_margin')": {"lift": 6.180640423031728, "auroc": 0.8395723749916774, "auprc": 0.31263207786871217}, "('penality_bad_tokens', 'confidence_weighted_entropy')": {"lift": 6.079318448883667, "auroc": 0.8401466475797326, "auprc": 0.3379684689331615}, "('average_quality', 'self_confidence')": {"lift": 5.876674500587544, "auroc": 0.8892486184166722, "auprc": 0.33482046834378204}, "('average_quality', 'normalized_margin')": {"lift": 5.977996474735606, "auroc": 0.8892486184166724, "auprc": 0.3142889014649146}, "('average_quality', 'confidence_weighted_entropy')": {"lift": 6.180640423031728, "auroc": 0.8653563819162394, "auprc": 0.34312123489149327}, "('worst_token', 'self_confidence')": {"lift": 8.713689776733256, "auroc": 0.9140771689193687, "auprc": 0.40210004646027325}, "('worst_token', 'normalized_margin')": {"lift": 8.713689776733256, "auroc": 0.9134196684200013, "auprc": 0.3970759125028239}, "('worst_token', 'confidence_weighted_entropy')": {"lift": 7.903113983548767, "auroc": 0.8972060390172447, "auprc": 0.37975641039348956}, "('ema', 'self_confidence')": {"lift": 6.788572267920094, "auroc": 0.9106165523670018, "auprc": 0.40605779576282847}, "('ema', 'normalized_margin')": {"lift": 6.788572267920094, "auroc": 0.9101821026699515, "auprc": 0.38001196716828095}, "('ema', 'confidence_weighted_entropy')": {"lift": 7.396504112808461, "auroc": 0.8976146880617885, "auprc": 0.40425636161455775}, "('cabs', 'self_confidence')": {"lift": 6.484606345475911, "auroc": 0.9059175044943072, "auprc": 0.36281883359574096}, "('cabs', 'normalized_margin')": {"lift": 6.585928319623973, "auroc": 0.904385278647047, "auprc": 0.33408502911808813}, "('cabs', 'confidence_weighted_entropy')": {"lift": 6.889894242068156, "auroc": 0.8923064118782876, "auprc": 0.36173608207492913}, "('median_quality', 'self_confidence')": {"lift": 5.876674500587544, "auroc": 0.8892486184166722, "auprc": 0.33482046834378204}, "('median_quality', 'normalized_margin')": {"lift": 5.977996474735606, "auroc": 0.8892486184166724, "auprc": 0.3142889014649146}, "('median_quality', 'confidence_weighted_entropy')": {"lift": 6.180640423031728, "auroc": 0.8653563819162394, "auprc": 0.34312123489149327}, "('exp_dist', 'self_confidence')": {"lift": 8.20707990599295, "auroc": 0.905733570810307, "auprc": 0.39121037801039116}, "('exp_dist', 'normalized_margin')": {"lift": 8.30840188014101, "auroc": 0.9049478993275185, "auprc": 0.36861920220908834}, "('exp_dist', 'confidence_weighted_entropy')": {"lift": 8.004435957696828, "auroc": 0.8838854118117052, "auprc": 0.3742364029791852}}