{"('product', 'self_confidence', 0.1)": {"lift": 6.585928319623973, "auroc": 0.7620588920700445, "auprc": 0.28474042033183855}, "('product', 'normalized_margin', 0.1)": {"lift": 6.687250293772034, "auroc": 0.7578300818962647, "auprc": 0.27782114448400047}, "('product', 'confidence_weighted_entropy', 0.1)": {"lift": 5.977996474735606, "auroc": 0.678710300286304, "auprc": 0.2636748156869622}, "('product', 'self_confidence', 0.03162277660168379)": {"lift": 6.788572267920094, "auroc": 0.8441732139290233, "auprc": 0.342484269684932}, "('product', 'normalized_margin', 0.03162277660168379)": {"lift": 6.788572267920094, "auroc": 0.8438020174445703, "auprc": 0.33627702370824036}, "('product', 'confidence_weighted_entropy', 0.03162277660168379)": {"lift": 6.889894242068156, "auroc": 0.835092216525734, "auprc": 0.3594800058782752}, "('product', 'self_confidence', 0.01)": {"lift": 6.889894242068156, "auroc": 0.8508397696251415, "auprc": 0.34341414371579154}, "('product', 'normalized_margin', 0.01)": {"lift": 6.991216216216217, "auroc": 0.8502863040149145, "auprc": 0.3377931570532903}, "('product', 'confidence_weighted_entropy', 0.01)": {"lift": 6.991216216216217, "auroc": 0.8496387908649045, "auprc": 0.37100441681949625}, "('product', 'self_confidence', 0.0031622776601683794)": {"lift": 6.991216216216217, "auroc": 0.8574031227112324, "auprc": 0.35009404324112575}, "('product', 'normalized_margin', 0.0031622776601683794)": {"lift": 7.092538190364278, "auroc": 0.8560406818030495, "auprc": 0.34333338225907173}, "('product', 'confidence_weighted_entropy', 0.0031622776601683794)": {"lift": 7.092538190364278, "auroc": 0.8599057860043944, "auprc": 0.3742614543406657}, "('product', 'self_confidence', 0.001)": {"lift": 6.991216216216217, "auroc": 0.8646639256941208, "auprc": 0.35585609345264485}, "('product', 'normalized_margin', 0.001)": {"lift": 7.396504112808461, "auroc": 0.8646164857846728, "auprc": 0.3533320985988533}, "('product', 'confidence_weighted_entropy', 0.001)": {"lift": 7.092538190364278, "auroc": 0.8738864105466408, "auprc": 0.3778390780663154}, "('worst_token_min_alt', 'self_confidence', 0.01)": {"lift": 8.713689776733256, "auroc": 0.9140655170117851, "auprc": 0.4020891090825047}, "('worst_token_min_alt', 'normalized_margin', 0.01)": {"lift": 8.713689776733256, "auroc": 0.913431320327585, "auprc": 0.39711353774451175}, "('worst_token_min_alt', 'confidence_weighted_entropy', 0.01)": {"lift": 7.903113983548767, "auroc": 0.8972143618083761, "auprc": 0.38220554895371556}, "('worst_token_min_alt', 'self_confidence', 0.020000000000000004)": {"lift": 8.713689776733256, "auroc": 0.9140705106864637, "auprc": 0.40210762038368436}, "('worst_token_min_alt', 'normalized_margin', 0.020000000000000004)": {"lift": 8.713689776733256, "auroc": 0.91343797856049, "auprc": 0.3971372038010479}, "('worst_token_min_alt', 'confidence_weighted_entropy', 0.020000000000000004)": {"lift": 7.903113983548767, "auroc": 0.8971744124109462, "auprc": 0.38276608622176284}, "('worst_token_min_alt', 'self_confidence', 0.030000000000000006)": {"lift": 8.713689776733256, "auroc": 0.9140621878953326, "auprc": 0.4020778231984802}, "('worst_token_min_alt', 'normalized_margin', 0.030000000000000006)": {"lift": 8.713689776733256, "auroc": 0.913444636793395, "auprc": 0.39715942581454255}, "('worst_token_min_alt', 'confidence_weighted_entropy', 0.030000000000000006)": {"lift": 7.903113983548767, "auroc": 0.8971278047806113, "auprc": 0.38169175798862337}, "('worst_token_min_alt', 'self_confidence', 0.04000000000000001)": {"lift": 8.713689776733256, "auroc": 0.9140522005459751, "auprc": 0.40204256310649805}, "('worst_token_min_alt', 'normalized_margin', 0.04000000000000001)": {"lift": 8.713689776733256, "auroc": 0.9134546241427525, "auprc": 0.39719337565608026}, "('worst_token_min_alt', 'confidence_weighted_entropy', 0.04000000000000001)": {"lift": 7.903113983548767, "auroc": 0.8970978427325389, "auprc": 0.38099759527732474}, "('worst_token_min_alt', 'self_confidence', 0.05000000000000001)": {"lift": 8.713689776733256, "auroc": 0.9140505359877488, "auprc": 0.40203663802398365}, "('worst_token_min_alt', 'normalized_margin', 0.05000000000000001)": {"lift": 8.713689776733256, "auroc": 0.9134562887009787, "auprc": 0.3971998024424992}, "('worst_token_min_alt', 'confidence_weighted_entropy', 0.05000000000000001)": {"lift": 7.903113983548767, "auroc": 0.8970762034755976, "auprc": 0.3806469260193192}, "('worst_token_min_alt', 'self_confidence', 0.06000000000000001)": {"lift": 8.713689776733256, "auroc": 0.9140455423130701, "auprc": 0.4020193974880913}, "('worst_token_min_alt', 'normalized_margin', 0.06000000000000001)": {"lift": 8.713689776733256, "auroc": 0.913457953259205, "auprc": 0.39720737311717436}, "('worst_token_min_alt', 'confidence_weighted_entropy', 0.06000000000000001)": {"lift": 7.903113983548767, "auroc": 0.8970395831946202, "auprc": 0.38016751826840334}, "('worst_token_min_alt', 'self_confidence', 0.07)": {"lift": 8.713689776733256, "auroc": 0.9140438777548439, "auprc": 0.40201380106933376}, "('worst_token_min_alt', 'normalized_margin', 0.07)": {"lift": 8.713689776733256, "auroc": 0.9134612823756575, "auprc": 0.39721808251255875}, "('worst_token_min_alt', 'confidence_weighted_entropy', 0.07)": {"lift": 7.903113983548767, "auroc": 0.8970279312870364, "auprc": 0.3800396887019113}, "('worst_token_min_alt', 'self_confidence', 0.08)": {"lift": 8.713689776733256, "auroc": 0.9140322258472602, "auprc": 0.4019757616978569}, "('worst_token_min_alt', 'normalized_margin', 0.08)": {"lift": 8.713689776733256, "auroc": 0.9134612823756575, "auprc": 0.3972184613064811}, "('worst_token_min_alt', 'confidence_weighted_entropy', 0.08)": {"lift": 7.903113983548767, "auroc": 0.8970395831946201, "auprc": 0.38020866814758336}, "('worst_token_min_alt', 'self_confidence', 0.09000000000000001)": {"lift": 8.713689776733256, "auroc": 0.9140239030561289, "auprc": 0.4019474740794943}, "('worst_token_min_alt', 'normalized_margin', 0.09000000000000001)": {"lift": 8.713689776733256, "auroc": 0.9134596178174312, "auprc": 0.3972137801480462}, "('worst_token_min_alt', 'confidence_weighted_entropy', 0.09000000000000001)": {"lift": 7.7004700352526445, "auroc": 0.8970495705439776, "auprc": 0.38030211478503506}, "('worst_token_min_alt', 'self_confidence', 0.1)": {"lift": 8.713689776733256, "auroc": 0.9140122511485451, "auprc": 0.40190820921917686}, "('worst_token_min_alt', 'normalized_margin', 0.1)": {"lift": 8.713689776733256, "auroc": 0.9134646114921099, "auprc": 0.3972296331652271}, "('worst_token_min_alt', 'confidence_weighted_entropy', 0.1)": {"lift": 7.7004700352526445, "auroc": 0.8970412477528464, "auprc": 0.3802353596916644}, "('worst_token_softmin', 'self_confidence', 0.1)": {"lift": 6.38328437132785, "auroc": 0.9020815300619215, "auprc": 0.3700278573166843}, "('worst_token_softmin', 'normalized_margin', 0.1)": {"lift": 6.38328437132785, "auroc": 0.9013657700246354, "auprc": 0.3444379767619454}, "('worst_token_softmin', 'confidence_weighted_entropy', 0.1)": {"lift": 8.20707990599295, "auroc": 0.8823498568479926, "auprc": 0.37310177993940113}, "('worst_token_softmin', 'self_confidence', 0.07943282347242814)": {"lift": 6.991216216216217, "auroc": 0.9037660629868832, "auprc": 0.3898757693202125}, "('worst_token_softmin', 'normalized_margin', 0.07943282347242814)": {"lift": 7.599148061104583, "auroc": 0.9029862174578865, "auprc": 0.3565862491061586}, "('worst_token_softmin', 'confidence_weighted_entropy', 0.07943282347242814)": {"lift": 8.10575793184489, "auroc": 0.8831887941940209, "auprc": 0.37344595450651724}, "('worst_token_softmin', 'self_confidence', 0.06309573444801933)": {"lift": 8.30840188014101, "auroc": 0.9064509954058192, "auprc": 0.3927518998092548}, "('worst_token_softmin', 'normalized_margin', 0.06309573444801933)": {"lift": 8.30840188014101, "auroc": 0.9058034822558093, "auprc": 0.37610027791718964}, "('worst_token_softmin', 'confidence_weighted_entropy', 0.06309573444801933)": {"lift": 8.004435957696828,