{"('predicted_difference', 'self_confidence')": {"lift": 7.139554942211489, "auroc": 0.8559195805693686, "auprc": 0.318993634110597}, "('predicted_difference', 'normalized_margin')": {"lift": 7.139554942211489, "auroc": 0.8559195805693686, "auprc": 0.318993634110597}, "('predicted_difference', 'confidence_weighted_entropy')": {"lift": 7.139554942211489, "auroc": 0.8559195805693686, "auprc": 0.318993634110597}, "('bad_token_counts', 'self_confidence')": {"lift": 8.031999309987926, "auroc": 0.8113830863477439, "auprc": 0.3290537922672693}, "('bad_token_counts', 'normalized_margin')": {"lift": 8.031999309987926, "auroc": 0.8113830863477439, "auprc": 0.3290537922672693}, "('bad_token_counts', 'confidence_weighted_entropy')": {"lift": 8.031999309987926, "auroc": 0.8113830863477439, "auprc": 0.3290537922672693}, "('bad_token_counts_avg', 'self_confidence')": {"lift": 8.131159795296417, "auroc": 0.8718426541971074, "auprc": 0.37680975621494117}, "('bad_token_counts_avg', 'normalized_margin')": {"lift": 8.131159795296417, "auroc": 0.8702122856794493, "auprc": 0.3739950296287137}, "('bad_token_counts_avg', 'confidence_weighted_entropy')": {"lift": 7.238715427519982, "auroc": 0.8724481725702649, "auprc": 0.3609028290247023}, "('bad_token_counts_min', 'self_confidence')": {"lift": 8.23032028060491, "auroc": 0.8884824638583796, "auprc": 0.3901214643315902}, "('bad_token_counts_min', 'normalized_margin')": {"lift": 8.131159795296417, "auroc": 0.8853584833535997, "auprc": 0.3821567446098928}, "('bad_token_counts_min', 'confidence_weighted_entropy')": {"lift": 7.238715427519982, "auroc": 0.8891975522228703, "auprc": 0.36067112568365894}, "('good_fraction', 'self_confidence')": {"lift": 5.45382669196711, "auroc": 0.804941524225678, "auprc": 0.29964389727161367}, "('good_fraction', 'normalized_margin')": {"lift": 5.45382669196711, "auroc": 0.804941524225678, "auprc": 0.29964389727161367}, "('good_fraction', 'confidence_weighted_entropy')": {"lift": 5.45382669196711, "auroc": 0.804941524225678, "auprc": 0.29964389727161367}, "('penality_bad_tokens', 'self_confidence')": {"lift": 5.552987177275602, "auroc": 0.805344379306595, "auprc": 0.3229285872085896}, "('penality_bad_tokens', 'normalized_margin')": {"lift": 5.652147662584095, "auroc": 0.8057645349124595, "auprc": 0.3221317635263968}, "('penality_bad_tokens', 'confidence_weighted_entropy')": {"lift": 5.751308147892589, "auroc": 0.8064367838818424, "auprc": 0.3022587712037566}, "('average_quality', 'self_confidence')": {"lift": 4.75970329480766, "auroc": 0.8079163906821021, "auprc": 0.25741565276036793}, "('average_quality', 'normalized_margin')": {"lift": 4.660542809499167, "auroc": 0.8068396389627595, "auprc": 0.2647803767367047}, "('average_quality', 'confidence_weighted_entropy')": {"lift": 5.255505721350124, "auroc": 0.8304457933361674, "auprc": 0.25719760243804557}, "('worst_token', 'self_confidence')": {"lift": 8.825283192455869, "auroc": 0.8904843817451451, "auprc": 0.42360661101554486}, "('worst_token', 'normalized_margin')": {"lift": 8.726122707147375, "auroc": 0.8852036024635948, "auprc": 0.3933293849930075}, "('worst_token', 'confidence_weighted_entropy')": {"lift": 6.346271059743546, "auroc": 0.8834307105737513, "auprc": 0.29737542199213557}, "('ema', 'self_confidence')": {"lift": 7.6353573687539535, "auroc": 0.8859878929278749, "auprc": 0.39487928127234573}, "('ema', 'normalized_margin')": {"lift": 7.238715427519982, "auroc": 0.884771913174432, "auprc": 0.4142940156613052}, "('ema', 'confidence_weighted_entropy')": {"lift": 7.932838824679432, "auroc": 0.88774925113442, "auprc": 0.33705750589588607}, "('cabs', 'self_confidence')": {"lift": 6.941233971594503, "auroc": 0.8776251487021312, "auprc": 0.3614092357598205}, "('cabs', 'normalized_margin')": {"lift": 7.238715427519982, "auroc": 0.8759486454512802, "auprc": 0.36029993326348553}, "('cabs', 'confidence_weighted_entropy')": {"lift": 7.337875912828475, "auroc": 0.8825113112479774, "auprc": 0.3113592296631075}, "('median_quality', 'self_confidence')": {"lift": 4.75970329480766, "auroc": 0.8079163906821021, "auprc": 0.25741565276036793}, "('median_quality', 'normalized_margin')": {"lift": 4.660542809499167, "auroc": 0.8068396389627595, "auprc": 0.2647803767367047}, "('median_quality', 'confidence_weighted_entropy')": {"lift": 5.255505721350124, "auroc": 0.8304457933361674, "auprc": 0.25719760243804557}, "('exp_dist', 'self_confidence')": {"lift": 7.932838824679432, "auroc": 0.8827798813019222, "auprc": 0.37859396186134525}, "('exp_dist', 'normalized_margin')": {"lift": 8.52780173653039, "auroc": 0.8803520409676431, "auprc": 0.39282303131568136}, "('exp_dist', 'confidence_weighted_entropy')": {"lift": 6.346271059743546, "auroc": 0.8774496719490937, "auprc": 0.28670322333183756}}