{"('predicted_difference', 'self_confidence')": {"lift": 7.193860164512339, "auroc": 0.8638641054664092, "auprc": 0.34223489025439346}, "('predicted_difference', 'normalized_margin')": {"lift": 7.193860164512339, "auroc": 0.8638641054664092, "auprc": 0.34223489025439346}, "('predicted_difference', 'confidence_weighted_entropy')": {"lift": 7.193860164512339, "auroc": 0.8638641054664092, "auprc": 0.34223489025439346}, "('bad_token_counts', 'self_confidence')": {"lift": 7.2951821386604, "auroc": 0.8187795459085159, "auprc": 0.3086758316579505}, "('bad_token_counts', 'normalized_margin')": {"lift": 7.2951821386604, "auroc": 0.8187795459085159, "auprc": 0.3086758316579505}, "('bad_token_counts', 'confidence_weighted_entropy')": {"lift": 7.2951821386604, "auroc": 0.8187795459085159, "auprc": 0.3086758316579505}, "('bad_token_counts_avg', 'self_confidence')": {"lift": 7.801792009400706, "auroc": 0.8933850456088954, "auprc": 0.3740298588713683}, "('bad_token_counts_avg', 'normalized_margin')": {"lift": 7.599148061104583, "auroc": 0.8931869631799719, "auprc": 0.3701800993111359}, "('bad_token_counts_avg', 'confidence_weighted_entropy')": {"lift": 7.2951821386604, "auroc": 0.8901499766961848, "auprc": 0.35970459462954557}, "('bad_token_counts_min', 'self_confidence')": {"lift": 7.801792009400706, "auroc": 0.9026058659031893, "auprc": 0.3804459326728404}, "('bad_token_counts_min', 'normalized_margin')": {"lift": 7.599148061104583, "auroc": 0.9025392835741395, "auprc": 0.37437642233328494}, "('bad_token_counts_min', 'confidence_weighted_entropy')": {"lift": 7.2951821386604, "auroc": 0.9024052866369265, "auprc": 0.369552557631718}, "('good_fraction', 'self_confidence')": {"lift": 5.876674500587544, "auroc": 0.8146772421599306, "auprc": 0.31307574034693364}, "('good_fraction', 'normalized_margin')": {"lift": 5.876674500587544, "auroc": 0.8146772421599306, "auprc": 0.31307574034693364}, "('good_fraction', 'confidence_weighted_entropy')": {"lift": 5.876674500587544, "auroc": 0.8146772421599306, "auprc": 0.31307574034693364}, "('penality_bad_tokens', 'self_confidence')": {"lift": 5.977996474735606, "auroc": 0.815084226646248, "auprc": 0.3422663551125316}, "('penality_bad_tokens', 'normalized_margin')": {"lift": 5.977996474735606, "auroc": 0.8150792329715693, "auprc": 0.33675657240204127}, "('penality_bad_tokens', 'confidence_weighted_entropy')": {"lift": 6.38328437132785, "auroc": 0.816169518609761, "auprc": 0.31905155320235473}, "('average_quality', 'self_confidence')": {"lift": 5.0660987074030555, "auroc": 0.8552716559025235, "auprc": 0.3021589615566202}, "('average_quality', 'normalized_margin')": {"lift": 5.0660987074030555, "auroc": 0.8559790931486784, "auprc": 0.3005502059737595}, "('average_quality', 'confidence_weighted_entropy')": {"lift": 5.370064629847239, "auroc": 0.857717724215993, "auprc": 0.2767089197796244}, "('worst_token', 'self_confidence')": {"lift": 9.017655699177439, "auroc": 0.9058351088621079, "auprc": 0.43566110439020894}, "('worst_token', 'normalized_margin')": {"lift": 9.017655699177439, "auroc": 0.9058684000266329, "auprc": 0.42434967705082555}, "('worst_token', 'confidence_weighted_entropy')": {"lift": 7.396504112808461, "auroc": 0.8997236833344431, "auprc": 0.3214589800443001}, "('ema', 'self_confidence')": {"lift": 7.193860164512339, "auroc": 0.8995489047206872, "auprc": 0.3997061898506744}, "('ema', 'normalized_margin')": {"lift": 7.193860164512339, "auroc": 0.9012367667621013, "auprc": 0.41659073880351133}, "('ema', 'confidence_weighted_entropy')": {"lift": 7.396504112808461, "auroc": 0.90132165923164, "auprc": 0.36319673575211825}, "('cabs', 'self_confidence')": {"lift": 6.991216216216217, "auroc": 0.8962938611092616, "auprc": 0.392653188845398}, "('cabs', 'normalized_margin')": {"lift": 6.889894242068156, "auroc": 0.897226845995073, "auprc": 0.3850032330765676}, "('cabs', 'confidence_weighted_entropy')": {"lift": 7.092538190364278, "auroc": 0.8946018376722817, "auprc": 0.33342622548479167}, "('median_quality', 'self_confidence')": {"lift": 5.0660987074030555, "auroc": 0.8552716559025235, "auprc": 0.3021589615566202}, "('median_quality', 'normalized_margin')": {"lift": 5.0660987074030555, "auroc": 0.8559790931486784, "auprc": 0.3005502059737595}, "('median_quality', 'confidence_weighted_entropy')": {"lift": 5.370064629847239, "auroc": 0.857717724215993, "auprc": 0.2767089197796244}, "('exp_dist', 'self_confidence')": {"lift": 8.612367802585196, "auroc": 0.9003678673680006, "auprc": 0.419229870552904}, "('exp_dist', 'normalized_margin')": {"lift": 9.220299647473562, "auroc": 0.9023986284040215, "auprc": 0.42393696271690895}, "('exp_dist', 'confidence_weighted_entropy')": {"lift": 7.497826086956523, "auroc": 0.8941199480657833, "auprc": 0.31415028618269736}}